<?xml version="1.0" encoding="utf-8"?>
<extension type="component" version="3.0" method="upgrade">
    <name>com_photo</name>
    <creationDate>2013-10-16</creationDate>
    <copyright>Copyright (C) 2013 FalcoAccipiter. All rights reserved.</copyright>
    <license>GNU General Public License version 2 or later; see LICENSE.txt</license>
    <author>FalcoAccipiter</author>
    <authorEmail>admin@falcoaccipiter.com</authorEmail>
    <authorUrl>http://www.falcoaccipiter.com</authorUrl>
    <version>1.0.0</version>
    <description></description>
    
    <install> <!-- Runs on install -->
        <sql>
            <file driver="mysql" charset="utf8">sql/install.mysql.utf8.sql</file>
        </sql>
    </install>
    <uninstall> <!-- Runs on uninstall -->
        <sql>
            <file driver="mysql" charset="utf8">sql/uninstall.mysql.utf8.sql</file>
        </sql>
    </uninstall>

    <files folder="site">
        <filename>index.html</filename>
        <filename>photo.php</filename>
        <filename>controller.php</filename>
        <filename>router.php</filename>
        <folder>views</folder>
        <folder>models</folder>
        <folder>controllers</folder>
        <folder>helpers</folder>
    </files>
    <languages folder="site">
        
			<language tag="en-GB">language/en-GB.com_photo.ini</language>
    </languages>
    <administration>
        <menu img="components/com_photo/assets/images/s_com_photo.png" >COM_PHOTO</menu>
        <submenu>
            
			<menu link="option=com_photo&amp;view=photos" view="photos" img="components/com_photo/assets/images/s_photos.png" alt="Photo/Photos">COM_PHOTO_TITLE_PHOTOS</menu>

        </submenu>
        <files folder="administrator">
            <filename>access.xml</filename>
            <filename>config.xml</filename>
            <filename>controller.php</filename>
            <filename>index.html</filename>
            <filename>photo.php</filename>
            <folder>controllers</folder>
            <folder>assets</folder>
            <folder>helpers</folder>
            <folder>models</folder>
            <folder>sql</folder>
            <folder>tables</folder>
            <folder>views</folder>
        </files>
        <languages folder="administrator">
            
			<language tag="en-GB">language/en-GB.com_photo.ini</language>
			<language tag="en-GB">language/en-GB.com_photo.sys.ini</language>
        </languages>
    </administration>
</extension>
<!-- Component built by the Joomla Component Creator -->
<!-- http://www.notwebdesign.com/joomla-component-creator/ -->
